time_sec,frame,pred_0,pred_1,pred_2,pred_3,pred_4,pred_5,pred_6,pred_7,pred_8,pred_9,pred_10,pred_11,pred_12,pred_13,pred_14,pred_15,pred_16,pred_17,pred_18,pred_19,pred_20,pred_21,pred_22,pred_23,pred_24,pred_25,pred_26,pred_27
6.783334,407,6.843977451324463,11.034775733947754,8.35753345489502,4.584115982055664,6.116512298583984,17.662784576416016,16.739004135131836,5.513852596282959,3.320507049560547,32.78570556640625,33.227195739746094,8.791285514831543,-1.7278590202331543,17.50417709350586,21.78276252746582,16.045604705810547,1.451998233795166,-2.2234249114990234,4.123119831085205,17.628591537475586,0.5191727876663208,-2.0054895877838135,6.098668575286865,4.883297920227051,2.251549243927002,0.6790534853935242,2.9923601150512695,2.2263832092285156
6.800000,408,7.206324100494385,11.075693130493164,8.444548606872559,4.577860355377197,6.335962772369385,18.641239166259766,17.081283569335938,5.330240249633789,3.453624963760376,34.3418083190918,34.27849578857422,8.743850708007812,-1.4499220848083496,18.233488082885742,22.156831741333008,16.041831970214844,1.6516742706298828,-1.8463760614395142,3.934063196182251,17.326778411865234,0.36286741495132446,-2.130481481552124,6.200883865356445,5.127154350280762,2.385868787765503,0.7106505036354065,2.9595842361450195,2.4366133213043213
6.816667,409,7.269669532775879,11.070090293884277,8.456361770629883,4.566722869873047,6.3729472160339355,18.767465591430664,17.106155395507812,5.272595405578613,3.4425015449523926,34.53266143798828,34.383758544921875,8.709046363830566,-1.42041015625,18.361530303955078,22.236923217773438,16.03453826904297,1.6945171356201172,-1.776640772819519,3.901439666748047,17.27619171142578,0.3504539728164673,-2.1458418369293213,6.215132713317871,5.165138244628906,2.41233491897583,0.7063478231430054,2.932361602783203,2.4656453132629395
6.833334,410,7.297600269317627,11.068344116210938,8.466904640197754,4.583832263946533,6.404313564300537,18.814931869506836,17.139631271362305,5.2726664543151855,3.4429211616516113,34.62039566040039,34.4536018371582,8.712576866149902,-1.4131455421447754,18.381900787353516,22.260822296142578,16.054176330566406,1.7037556171417236,-1.7575048208236694,3.9055795669555664,17.295486450195312,0.353700190782547,-2.147300958633423,6.226681232452393,5.187797546386719,2.4111580848693848,0.7037752270698547,2.928945541381836,2.4613397121429443
6.850000,411,7.293488025665283,11.065543174743652,8.458765983581543,4.586097240447998,6.400522708892822,18.80607795715332,17.133914947509766,5.279110908508301,3.436678409576416,34.577392578125,34.41145324707031,8.704155921936035,-1.412837028503418,18.362154006958008,22.24219512939453,16.056669235229492,1.7019762992858887,-1.7442938089370728,3.9152579307556152,17.292341232299805,0.3495108187198639,-2.1449458599090576,6.2300615310668945,5.181992530822754,2.4090793132781982,0.6990888118743896,2.9326047897338867,2.4605636596679688
6.866667,412,7.293308734893799,11.064276695251465,8.458780288696289,4.583989143371582,6.4006218910217285,18.813093185424805,17.128360748291016,5.278355121612549,3.459477424621582,34.6341667175293,34.46245574951172,8.73177433013916,-1.3975389003753662,18.401803970336914,22.2791748046875,16.095855712890625,1.7109463214874268,-1.737745761871338,3.9206600189208984,17.308034896850586,0.3555264472961426,-2.1487326622009277,6.221164703369141,5.188626766204834,2.4162940979003906,0.7069568634033203,2.9248642921447754,2.4599359035491943
6.883334,413,7.271451950073242,11.067548751831055,8.443504333496094,4.587031364440918,6.396820545196533,18.831836700439453,17.162071228027344,5.3124308586120605,3.4682114124298096,34.60285568237305,34.43326187133789,8.749719619750977,-1.3978278636932373,18.370515823364258,22.244272232055664,16.101213455200195,1.666276216506958,-1.7553751468658447,3.9164938926696777,17.28621482849121,0.33900824189186096,-2.1494832038879395,6.211928367614746,5.180977821350098,2.4082517623901367,0.7163785696029663,2.9255008697509766,2.469442129135132
6.900000,414,7.283631324768066,11.053595542907715,8.44927978515625,4.565871715545654,6.4017181396484375,18.776796340942383,17.069355010986328,5.250609397888184,3.4472672939300537,34.60986328125,34.42868423461914,8.706006050109863,-1.3862204551696777,18.416610717773438,22.26494026184082,16.05634880065918,1.7202177047729492,-1.732184886932373,3.9046969413757324,17.27239990234375,0.3720717132091522,-2.1159186363220215,6.236244201660156,5.179569244384766,2.421107292175293,0.7148483395576477,2.9222917556762695,2.438018798828125
6.916667,415,7.314564228057861,11.06470012664795,8.465271949768066,4.624612331390381,6.420347690582275,18.844383239746094,17.165502548217773,5.322674751281738,3.4343838691711426,34.64716339111328,34.48053741455078,8.747344017028809,-1.4311671257019043,18.40789031982422,22.326929092407227,16.20171356201172,1.71824049949646,-1.6985468864440918,3.9690041542053223,17.403228759765625,0.35833704471588135,-2.1782729625701904,6.219701290130615,5.219491004943848,2.418492078781128,0.6887683272361755,2.9309635162353516,2.4779226779937744
6.933334,416,7.297348976135254,11.073569297790527,8.461371421813965,4.6015238761901855,6.41704797744751,18.80047607421875,17.111602783203125,5.293365478515625,3.467137098312378,34.63799285888672,34.46051788330078,8.752453804016113,-1.3843567371368408,18.43122673034668,22.311603546142578,16.17702293395996,1.7291154861450195,-1.7067012786865234,3.9542551040649414,17.357086181640625,0.36359521746635437,-2.1317591667175293,6.242728233337402,5.187722682952881,2.4153919219970703,0.7069670557975769,2.9324216842651367,2.4478139877319336
6.950000,417,7.311393737792969,11.055724143981934,8.463555335998535,4.590385437011719,6.407225131988525,18.83234214782715,17.120746612548828,5.269100666046143,3.443002462387085,34.662506103515625,34.471336364746094,8.718396186828613,-1.3945848941802979,18.40966796875,22.284557342529297,16.134063720703125,1.7186219692230225,-1.693253993988037,3.9327430725097656,17.314565658569336,0.3582722544670105,-2.1451754570007324,6.231071472167969,5.203066349029541,2.4211697578430176,0.6986300349235535,2.9204821586608887,2.4585256576538086
6.966667,418,7.369861125946045,11.054079055786133,8.470969200134277,4.580373287200928,6.446750640869141,18.955699920654297,17.186254501342773,5.219808578491211,3.4339356422424316,34.80290985107422,34.54941940307617,8.67633056640625,-1.392643928527832,18.474306106567383,22.32650375366211,16.041675567626953,1.7404487133026123,-1.6729742288589478,3.8865959644317627,17.247970581054688,0.3448359966278076,-2.162440061569214,6.245066165924072,5.234601974487305,2.43276309967041,0.6885348558425903,2.900306224822998,2.4753732681274414
6.983334,419,7.354694843292236,11.069402694702148,8.474870681762695,4.591403961181641,6.435817718505859,18.94031524658203,17.19135093688965,5.246791362762451,3.447345733642578,34.78927230834961,34.55582046508789,8.710312843322754,-1.3849940299987793,18.476350784301758,22.342100143432617,16.100536346435547,1.732865333557129,-1.6749321222305298,3.917041301727295,17.290708541870117,0.3411903977394104,-2.1649868488311768,6.244599342346191,5.224165439605713,2.4311952590942383,0.6927843689918518,2.9140615463256836,2.471654176712036
7.000000,420,7.36724328994751,11.058572769165039,8.470137596130371,4.604340553283691,6.46594762802124,18.934783935546875,17.16710662841797,5.258057117462158,3.4307234287261963,34.793846130371094,34.54318618774414,8.70525074005127,-1.3902184963226318,18.505870819091797,22.37055015563965,16.162561416625977,1.753253698348999,-1.6284362077713013,3.9373717308044434,17.331098556518555,0.3598002791404724,-2.1521387100219727,6.251035213470459,5.240890979766846,2.433889865875244,0.6861438751220703,2.902679443359375,2.4696617126464844
7.016667,421,7.33236837387085,11.063474655151367,8.45760726928711,4.563833713531494,6.448179721832275,18.888324737548828,17.103607177734375,5.217857837677002,3.485224485397339,34.819149017333984,34.56239700317383,8.721809387207031,-1.3202226161956787,18.54319190979004,22.352506637573242,16.092243194580078,1.766024112701416,-1.6586366891860962,3.904550790786743,17.252246856689453,0.3658233880996704,-2.098205089569092,6.275778770446777,5.203627109527588,2.4327778816223145,0.7168280482292175,2.9084224700927734,2.4296321868896484
7.033334,422,7.359915256500244,11.060495376586914,8.46778678894043,4.571066856384277,6.45036506652832,18.9178524017334,17.12497329711914,5.210124492645264,3.4456303119659424,34.80241012573242,34.53542709350586,8.687771797180176,-1.357969045639038,18.531965255737305,22.357580184936523,16.09176254272461,1.7637279033660889,-1.636630892753601,3.90625,17.260677337646484,0.36044538021087646,-2.127427101135254,6.261756420135498,5.218773365020752,2.442157030105591,0.6984485983848572,2.9021735191345215,2.4497933387756348
7.050000,423,7.350460529327393,11.08129596710205,8.473979949951172,4.621083736419678,6.455528736114502,18.939071655273438,17.181909561157227,5.292257308959961,3.467963457107544,34.84364700317383,34.6090202331543,8.765361785888672,-1.3507397174835205,18.560997009277344,22.429174423217773,16.23798179626465,1.7786235809326172,-1.6261597871780396,3.968688488006592,17.390094757080078,0.347677618265152,-2.1566684246063232,6.262026309967041,5.2320556640625,2.4384231567382812,0.6947471499443054,2.9244813919067383,2.4719977378845215
7.066667,424,7.373104095458984,11.057064056396484,8.473176956176758,4.599695682525635,6.47814416885376,18.929969787597656,17.131853103637695,5.239225387573242,3.454288959503174,34.87464904785156,34.60485076904297,8.718731880187988,-1.3493473529815674,18.569425582885742,22.412382125854492,16.189363479614258,1.7952845096588135,-1.5982446670532227,3.9417078495025635,17.339820861816406,0.37491175532341003,-2.118950843811035,6.2806477546691895,5.245251178741455,2.4404988288879395,0.6933297514915466,2.8988728523254395,2.4490599632263184
7.083334,425,7.375364303588867,11.060812950134277,8.469463348388672,4.606457233428955,6.469420433044434,18.93801498413086,17.142255783081055,5.235198497772217,3.448307514190674,34.83623123168945,34.5651741027832,8.719440460205078,-1.3418591022491455,18.563146591186523,22.413976669311523,16.20437240600586,1.7849080562591553,-1.5889331102371216,3.9596164226531982,17.33940315246582,0.36326929926872253,-2.135611057281494,6.274184703826904,5.233506202697754,2.447596311569214,0.692784309387207,2.9041056632995605,2.4436357021331787
7.100000,426,7.363637447357178,11.052746772766113,8.460505485534668,4.578888893127441,6.471715450286865,18.911911010742188,17.091066360473633,5.210267066955566,3.4688472747802734,34.87362289428711,34.58391571044922,8.713783264160156,-1.315441608428955,18.58950424194336,22.40218162536621,16.16353416442871,1.798600673675537,-1.5920157432556152,3.9289424419403076,17.292255401611328,0.38132739067077637,-2.097604751586914,6.283267021179199,5.228813171386719,2.4463212490081787,0.7082910537719727,2.89296293258667,2.4283738136291504
7.116667,427,7.375933647155762,11.08095932006836,8.483972549438477,4.621184825897217,6.466495990753174,18.96257972717285,17.171245574951172,5.256648540496826,3.4671640396118164,34.89589309692383,34.62800216674805,8.754623413085938,-1.3207764625549316,18.585609436035156,22.440458297729492,16.255477905273438,1.7841980457305908,-1.581051230430603,3.979836940765381,17.371532440185547,0.351779580116272,-2.141867160797119,6.280459880828857,5.236372947692871,2.4499971866607666,0.7021090388298035,2.9200620651245117,2.4429678916931152
7.133334,428,7.394052028656006,11.066523551940918,8.478936195373535,4.605472087860107,6.476942539215088,18.97786521911621,17.14937973022461,5.222837924957275,3.459193468093872,34.921939849853516,34.625362396240234,8.721220016479492,-1.3215503692626953,18.611900329589844,22.444961547851562,16.208749771118164,1.8095176219940186,-1.5596195459365845,3.9531049728393555,17.3311824798584,0.3613712191581726,-2.1229822635650635,6.296464920043945,5.248599052429199,2.4570088386535645,0.6929078698158264,2.8998899459838867,2.4441282749176025
7.150000,429,7.394514083862305,11.06424331665039,8.475898742675781,4.625169277191162,6.4913177490234375,19.003015518188477,17.194889068603516,5.264806747436523,3.469128131866455,34.95255661010742,34.667781829833984,8.756858825683594,-1.3378403186798096,18.61496925354004,22.478530883789062,16.277210235595703,1.8046319484710693,-1.5591206550598145,3.978165626525879,17.391756057739258,0.3555442690849304,-2.1577320098876953,6.275190353393555,5.265458106994629,2.4456653594970703,0.6873401999473572,2.90244197845459,2.465322971343994
7.166667,430,7.392755508422852,11.067144393920898,8.471036911010742,4.60952091217041,6.476171016693115,19.038944244384766,17.218080520629883,5.236518859863281,3.4810307025909424,34.96664810180664,34.66515350341797,8.750750541687012,-1.3065085411071777,18.598947525024414,22.439533233642578,16.2204532623291,1.7787518501281738,-1.5719318389892578,3.9521327018737793,17.31417465209961,0.33160972595214844,-2.15639066696167,6.277104377746582,5.2496867179870605,2.4430668354034424,0.693794310092926,2.9027457237243652,2.457878589630127
7.183334,431,7.41941499710083,11.077093124389648,8.498275756835938,4.632204055786133,6.489544868469238,19.033578872680664,17.212451934814453,5.235523223876953,3.4671754837036133,34.985225677490234,34.68658447265625,8.747834205627441,-1.3116869926452637,18.6116886138916,22.470876693725586,16.27953338623047,1.8052642345428467,-1.5369821786880493,3.981818199157715,17.374364852905273,0.34420210123062134,-2.1502530574798584,6.296384811401367,5.2644805908203125,2.4490599632263184,0.6821107864379883,2.9057040214538574,2.4528729915618896
7.200000,432,7.425633907318115,11.072334289550781,8.487068176269531,4.61641788482666,6.498929023742676,19.065715789794922,17.210058212280273,5.216884613037109,3.467930555343628,35.03618240356445,34.705379486083984,8.737039566040039,-1.296882152557373,18.667354583740234,22.50260353088379,16.251890182495117,1.8194177150726318,-1.522002100944519,3.963992118835449,17.342124938964844,0.34413498640060425,-2.1513288021087646,6.294965744018555,5.267847537994385,2.459794521331787,0.6869913935661316,2.8950514793395996,2.456057548522949
7.216667,433,7.417413711547852,11.081768989562988,8.493240356445312,4.646002769470215,6.507710933685303,19.031606674194336,17.199676513671875,5.259974002838135,3.488370418548584,35.03148651123047,34.72570037841797,8.782729148864746,-1.29587984085083,18.674968719482422,22.533191680908203,16.343828201293945,1.8333771228790283,-1.513803482055664,4.005203723907471,17.42520523071289,0.3593534529209137,-2.130654811859131,6.311896324157715,5.27377986907959,2.459845542907715,0.6908425688743591,2.9019875526428223,2.4445881843566895
7.233334,434,7.417661190032959,11.073187828063965,8.491681098937988,4.6349029541015625,6.517005920410156,18.976957321166992,17.119314193725586,5.214753150939941,3.466571092605591,35.003021240234375,34.67795944213867,8.758212089538574,-1.2661809921264648,18.692785263061523,22.532041549682617,16.358816146850586,1.847346544265747,-1.4809577465057373,4.01908016204834,17.41474723815918,0.3907393515110016,-2.0906975269317627,6.3311686515808105,5.257836818695068,2.464138984680176,0.7008591890335083,2.896113872528076,2.3936142921447754
7.250000,435,7.460371971130371,11.076849937438965,8.505706787109375,4.668855667114258,6.536086559295654,19.0690860748291,17.2097110748291,5.238185405731201,3.4500696659088135,35.06013488769531,34.72013473510742,8.767841339111328,-1.298804521560669,18.693058013916016,22.569345474243164,16.433319091796875,1.8401055335998535,-1.450040578842163,4.04113245010376,17.463518142700195,0.36159804463386536,-2.145991563796997,6.318105697631836,5.292123317718506,2.459139108657837,0.6736762523651123,2.8914618492126465,2.433683156967163
7.266667,436,7.4578633308410645,11.065052032470703,8.490642547607422,4.618180751800537,6.530961990356445,19.08966636657715,17.199398040771484,5.173555374145508,3.4659385681152344,35.082454681396484,34.716285705566406,8.721518516540527,-1.2751693725585938,18.712892532348633,22.53481674194336,16.249256134033203,1.8406383991241455,-1.4930001497268677,3.9567179679870605,17.325559616088867,0.3551163077354431,-2.1295018196105957,6.312536716461182,5.274106979370117,2.467236042022705,0.6805751919746399,2.870567798614502,2.4394891262054443
7.283334,437,7.464488983154297,11.064894676208496,8.49517822265625,4.650253772735596,6.537719249725342,19.1066951751709,17.230958938598633,5.227765083312988,3.459566354751587,35.10511016845703,34.749961853027344,8.751237869262695,-1.2941110134124756,18.70829963684082,22.569143295288086,16.370746612548828,1.8507897853851318,-1.4523365497589111,4.010271072387695,17.42123031616211,0.354231595993042,-2.1558303833007812,6.311221599578857,5.299276828765869,2.4606878757476807,0.6674585938453674,2.8815646171569824,2.455723285675049
7.300000,438,7.452979564666748,11.07183837890625,8.486541748046875,4.628879070281982,6.549135208129883,19.10894775390625,17.194753646850586,5.197573184967041,3.498537063598633,35.193519592285156,34.80746841430664,8.767096519470215,-1.2183284759521484,18.790653228759766,22.594646453857422,16.326534271240234,1.8770089149475098,-1.446850299835205,3.986879348754883,17.366317749023438,0.3595239520072937,-2.110611915588379,6.340532302856445,5.284785747528076,2.4682440757751465,0.6976399421691895,2.8855457305908203,2.4179654121398926
7.316667,439,7.459665775299072,11.058684349060059,8.488810539245605,4.618161201477051,6.549591541290283,19.075233459472656,17.153827667236328,5.168313503265381,3.471011161804199,35.13721466064453,34.74793243408203,8.731409072875977,-1.2437686920166016,18.76117706298828,22.563478469848633,16.306055068969727,1.8615219593048096,-1.4475512504577637,3.975217580795288,17.3436279296875,0.37749412655830383,-2.0959742069244385,6.332812309265137,5.282250881195068,2.4716806411743164,0.692670464515686,2.865591049194336,2.4102072715759277
7.333334,440,7.473027229309082,11.068138122558594,8.489727020263672,4.631516933441162,6.549633979797363,19.169763565063477,17.25253677368164,5.1982645988464355,3.4763684272766113,35.19343185424805,34.79910659790039,8.744795799255371,-1.2501161098480225,18.772436141967773,22.58474349975586,16.300914764404297,1.8571281433105469,-1.4493486881256104,3.967890977859497,17.345661163330078,0.3356879949569702,-2.1447432041168213,6.322744369506836,5.298251152038574,2.470125436782837,0.6787644028663635,2.8728041648864746,2.4561593532562256
7.350000,441,7.491303443908691,11.05883502960205,8.502197265625,4.6615986824035645,6.557215690612793,19.111526489257812,17.196643829345703,5.201575756072998,3.4241490364074707,35.11741256713867,34.74409866333008,8.724933624267578,-1.2961173057556152,18.75528335571289,22.608020782470703,16.390220642089844,1.8823981285095215,-1.4024463891983032,4.022359371185303,17.440380096435547,0.3670622706413269,-2.133608818054199,6.3418707847595215,5.315155982971191,2.475111961364746,0.6529591083526611,2.874331474304199,2.438974380493164
7.366667,442,7.496477127075195,11.076188087463379,8.509298324584961,4.659732818603516,6.561575412750244,19.152677536010742,17.23750114440918,5.198996067047119,3.4511592388153076,35.17302703857422,34.78237533569336,8.744528770446777,-1.2629117965698242,18.77674102783203,22.619182586669922,16.391977310180664,1.8777599334716797,-1.40731942653656,4.016509532928467,17.420543670654297,0.3476914167404175,-2.143425703048706,6.34188175201416,5.306608200073242,2.4715585708618164,0.6642075181007385,2.8795700073242188,2.4415934085845947
7.383334,443,7.5156168937683105,11.068422317504883,8.509477615356445,4.642634868621826,6.58441686630249,19.189088821411133,17.235851287841797,5.161777019500732,3.4683761596679688,35.26444625854492,34.837650299072266,8.72807502746582,-1.2290740013122559,18.82042121887207,22.626689910888672,16.328628540039062,1.8994286060333252,-1.390458106994629,3.9831061363220215,17.365541458129883,0.35407090187072754,-2.115802764892578,6.3617777824401855,5.31652307510376,2.474966287612915,0.6678004264831543,2.863248348236084,2.4292402267456055
7.400000,444,7.502034664154053,11.066981315612793,8.499909400939941,4.654990196228027,6.584698677062988,19.17111587524414,17.219263076782227,5.184604644775391,3.4782512187957764,35.26025390625,34.83810043334961,8.767864227294922,-1.2220304012298584,18.844703674316406,22.66534996032715,16.425920486450195,1.8959534168243408,-1.3761427402496338,4.018714904785156,17.41412925720215,0.3608439564704895,-2.11623215675354,6.356264591217041,5.316697597503662,2.4784114360809326,0.6767876744270325,2.859438419342041,2.4210290908813477
7.416667,445,7.502038478851318,11.065751075744629,8.5011625289917,4.647556304931641,6.579514980316162,19.146501541137695,17.1895809173584,5.16973352432251,3.4594879150390625,35.21649169921875,34.795982360839844,8.737391471862793,-1.2325780391693115,18.83498191833496,22.645933151245117,16.3881778717041,1.9056086540222168,-1.3757603168487549,4.006932735443115,17.397851943969727,0.3674026131629944,-2.1018407344818115,6.3664751052856445,5.310464859008789,2.4815423488616943,0.6700130701065063,2.8605971336364746,2.4199929237365723
7.433334,446,7.52043342590332,11.062105178833008,8.503701210021973,4.665711879730225,6.594873905181885,19.20319938659668,17.238054275512695,5.175707817077637,3.483253240585327,35.31575393676758,34.876014709472656,8.772534370422363,-1.1965906620025635,18.868459701538086,22.69025421142578,16.450162887573242,1.9160456657409668,-1.3451015949249268,4.02755880355835,17.42520523071289,0.3560376465320587,-2.1236674785614014,6.36222505569458,5.327346324920654,2.479997158050537,0.6719954013824463,2.856499195098877,2.419368028640747
7.450000,447,7.52400016784668,11.060665130615234,8.500078201293945,4.647891044616699,6.597540855407715,19.211597442626953,17.238500595092773,5.1684160232543945,3.4591193199157715,35.28511428833008,34.83814239501953,8.728375434875488,-1.235647201538086,18.85554313659668,22.663795471191406,16.36294937133789,1.906479835510254,-1.366030216217041,3.9890124797821045,17.379711151123047,0.3567315340042114,-2.1266822814941406,6.35252046585083,5.329565048217773,2.484083890914917,0.6651385426521301,2.8503341674804688,2.4418444633483887
7.466667,448,7.523889064788818,11.070572853088379,8.502666473388672,4.658313751220703,6.590324401855469,19.22532844543457,17.24323081970215,5.163264751434326,3.48288893699646,35.317138671875,34.852989196777344,8.760802268981934,-1.1706602573394775,18.879831314086914,22.67910385131836,16.4388427734375,1.9078540802001953,-1.3288758993148804,4.021031379699707,17.386510848999023,0.3418864607810974,-2.1276299953460693,6.358649253845215,5.3149261474609375,2.4869885444641113,0.6787843108177185,2.859135150909424,2.41904616355896
7.483334,449,7.531558990478516,11.057605743408203,8.501779556274414,4.66171932220459,6.6099982261657715,19.23406219482422,17.245691299438477,5.177105903625488,3.474287748336792,35.36314392089844,34.90061569213867,8.759739875793457,-1.2015461921691895,18.907936096191406,22.71360206604004,16.44118309020996,1.925187110900879,-1.33175528049469,4.009265899658203,17.416086196899414,0.3522374927997589,-2.134068489074707,6.350708484649658,5.341402053833008,2.4878664016723633,0.6720277070999146,2.845339775085449,2.4417614936828613
7.500000,450,7.52515172958374,11.06362247467041,8.495047569274902,4.6317338943481445,6.609633922576904,19.22391128540039,17.211313247680664,5.130993366241455,3.4890589714050293,35.36713409423828,34.88007354736328,8.736579895019531,-1.1625726222991943,18.920650482177734,22.681907653808594,16.34517478942871,1.922623634338379,-1.3436037302017212,3.976550817489624,17.328702926635742,0.36045128107070923,-2.089542865753174,6.377327919006348,5.316335201263428,2.491201639175415,0.6902128458023071,2.847191333770752,2.4041566848754883
7.516667,451,7.555224895477295,11.07730484008789,8.520827293395996,4.68281364440918,6.6245832443237305,19.26496124267578,17.266225814819336,5.1683149337768555,3.4858553409576416,35.392276763916016,34.91792297363281,8.784521102905273,-1.1665995121002197,18.942298889160156,22.757410049438477,16.52214813232422,1.941570520401001,-1.2815461158752441,4.0567498207092285,17.455886840820312,0.3497152328491211,-2.117274761199951,6.391387939453125,5.339588642120361,2.4902923107147217,0.6640158891677856,2.8541836738586426,2.4103143215179443
7.533334,452,7.544693946838379,11.068078994750977,8.51050090789795,4.676736354827881,6.6219706535339355,19.22409439086914,17.22650909423828,5.167534828186035,3.467728614807129,35.34505844116211,34.87859344482422,8.766693115234375,-1.1913738250732422,18.943063735961914,22.755990982055664,16.496673583984375,1.9488835334777832,-1.2980916500091553,4.042139530181885,17.456344604492188,0.3614524304866791,-2.1171159744262695,6.377496719360352,5.3383684158325195,2.494842052459717,0.6642668843269348,2.846869945526123,2.421218156814575
7.550000,453,7.570707321166992,11.077302932739258,8.523578643798828,4.670987606048584,6.6263041496276855,19.28132438659668,17.25583839416504,5.139274597167969,3.4771811962127686,35.41917037963867,34.92242431640625,8.759613037109375,-1.1648244857788086,18.96890640258789,22.76974868774414,16.491043090820312,1.9563207626342773,-1.2642995119094849,4.040445804595947,17.42925262451172,0.3513469994068146,-2.111387252807617,6.399133682250977,5.3430891036987305,2.496325969696045,0.6545081734657288,2.8458847999572754,2.4146604537963867
7.566667,454,7.5753397941589355,11.054070472717285,8.510991096496582,4.6962432861328125,6.645330905914307,19.29469871520996,17.278635025024414,5.188439846038818,3.454782247543335,35.42464828491211,34.93217086791992,8.763962745666504,-1.2106878757476807,18.94837760925293,22.779430389404297,16.540334701538086,1.9522545337677002,-1.2550405263900757,4.051738739013672,17.48255157470703,0.35815852880477905,-2.1322476863861084,6.380115032196045,5.379251003265381,2.4929513931274414,0.6460696458816528,2.832378387451172,2.4409148693084717
7.583334,455,7.580163478851318,11.062938690185547,8.521744728088379,4.679498195648193,6.632505416870117,19.289426803588867,17.268966674804688,5.154964447021484,3.444683790206909,35.3962516784668,34.91554260253906,8.73731803894043,-1.223372459411621,18.953432083129883,22.775171279907227,16.46498680114746,1.9594299793243408,-1.274468183517456,4.030110836029053,17.452157974243164,0.3562771677970886,-2.130007743835449,6.388940334320068,5.369802951812744,2.4996421337127686,0.6366519331932068,2.8366684913635254,2.4416232109069824
7.600000,456,7.561278820037842,11.060994148254395,8.507575988769531,4.660096645355225,6.6420111656188965,19.274194717407227,17.229225158691406,5.124204635620117,3.5105512142181396,35.48793411254883,34.971893310546875,8.786620140075684,-1.1169016361236572,19.011917114257812,22.79116439819336,16.503372192382812,1.9670753479003906,-1.2602016925811768,4.031532287597656,17.410682678222656,0.3625427484512329,-2.094175338745117,6.392412185668945,5.342924118041992,2.4939303398132324,0.6752969622612,2.8293466567993164,2.393357753753662
7.616667,457,7.596909523010254,11.057648658752441,8.520428657531738,4.69418478012085,6.659837245941162,19.311479568481445,17.252485275268555,5.139986515045166,3.4694724082946777,35.49247360229492,34.96287155151367,8.771836280822754,-1.1449222564697266,19.02147102355957,22.82703399658203,16.581621170043945,1.984663486480713,-1.2002171277999878,4.065099239349365,17.472946166992188,0.3621482253074646,-2.106236457824707,6.407398223876953,5.374969005584717,2.502473831176758,0.6506183743476868,2.821413993835449,2.407621145248413
7.633334,458,7.595278739929199,11.051806449890137,8.509673118591309,4.666543006896973,6.680023670196533,19.333232879638672,17.243074417114258,5.118048191070557,3.4923033714294434,35.57162094116211,35.013736724853516,8.760721206665039,-1.1081249713897705,19.092552185058594,22.852310180664062,16.505325317382812,2.018195152282715,-1.1962834596633911,4.025571823120117,17.42291831970215,0.3660711944103241,-2.0843448638916016,6.419264793395996,5.3737030029296875,2.505314826965332,0.6583252549171448,2.812343120574951,2.4084861278533936
7.650000,459,7.5718302726745605,11.051652908325195,8.509743690490723,4.674938201904297,6.6702399253845215,19.241493225097656,17.177276611328125,5.125182628631592,3.481736660003662,35.47043228149414,34.93972396850586,8.767655372619629,-1.1214618682861328,19.035686492919922,22.8067569732666,16.550302505493164,1.9921958446502686,-1.2189571857452393,4.046204090118408,17.444948196411133,0.38595226407051086,-2.059220314025879,6.4170966148376465,5.354041576385498,2.4978623390197754,0.6721492409706116,2.819714069366455,2.3796539306640625
7.666667,460,7.578342914581299,11.071829795837402,8.521465301513672,4.6884660720825195,6.66699743270874,19.297975540161133,17.239347457885742,5.140620231628418,3.520824432373047,35.552085876464844,35.02235794067383,8.817441940307617,-1.076876163482666,19.083478927612305,22.864463806152344,16.599531173706055,2.0110058784484863,-1.1997435092926025,4.073450565338135,17.48040199279785,0.36865144968032837,-2.072321891784668,6.430490970611572,5.35612678527832,2.5018796920776367,0.6719330549240112,2.830227851867676,2.3785932064056396
7.683334,461,7.601066589355469,11.055853843688965,8.51076602935791,4.667773723602295,6.666403770446777,19.3619384765625,17.268991470336914,5.107454776763916,3.4978764057159424,35.58262634277344,35.01935577392578,8.762121200561523,-1.0958917140960693,19.075420379638672,22.83454704284668,16.48916244506836,1.9975247383117676,-1.2013323307037354,4.022014141082764,17.393356323242188,0.34677988290786743,-2.1038830280303955,6.410633087158203,5.369550704956055,2.5068199634552,0.6601179838180542,2.8195624351501465,2.408461093902588
7.700000,462,7.601280689239502,11.045463562011719,8.50948715209961,4.676287651062012,6.6817097663879395,19.351137161254883,17.2645320892334,5.124848365783691,3.492553234100342,35.584102630615234,35.023555755615234,8.766812324523926,-1.113095998764038,19.06812286376953,22.83803939819336,16.51645278930664,2.0003750324249268,-1.1973813772201538,4.027557849884033,17.420398712158203,0.36148130893707275,-2.091729164123535,6.414842128753662,5.3847270011901855,2.50239634513855,0.6617249846458435,2.8075032234191895,2.408618450164795
7.716667,463,7.599260330200195,11.052711486816406,8.513001441955566,4.673877239227295,6.680991172790527,19.30767059326172,17.20095443725586,5.0971760749816895,3.498116970062256,35.58084487915039,35.011104583740234,8.778300285339355,-1.073490858078003,19.121814727783203,22.88020133972168,16.574119567871094,2.034860849380493,-1.1626663208007812,4.054567337036133,17.446308135986328,0.37894555926322937,-2.0635929107666016,6.433232307434082,5.366364479064941,2.510796546936035,0.6651555299758911,2.8090481758117676,2.373481035232544
7.733334,464,7.613938331604004,11.071050643920898,8.526379585266113,4.702682971954346,6.685135364532471,19.399215698242188,17.31020736694336,5.141915798187256,3.5305206775665283,35.66944885253906,35.104923248291016,8.82585620880127,-1.0646655559539795,19.126388549804688,22.90787696838379,16.614116668701172,2.015026807785034,-1.1589800119400024,4.0762128829956055,17.476226806640625,0.34323999285697937,-2.1010215282440186,6.435276985168457,5.387425422668457,2.5092077255249023,0.664587140083313,2.8271799087524414,2.3948018550872803
7.750000,465,7.627408981323242,11.065384864807129,8.530953407287598,4.704925537109375,6.694863319396973,19.378707885742188,17.27383041381836,5.109711647033691,3.514439344406128,35.65687561035156,35.073204040527344,8.806511878967285,-1.0447664260864258,19.134239196777344,22.910200119018555,16.63052749633789,2.033890724182129,-1.1297482252120972,4.0814385414123535,17.474651336669922,0.3588099181652069,-2.0769360065460205,6.449304580688477,5.383238792419434,2.511639356613159,0.6602187156677246,2.812486171722412,2.372035503387451
7.766667,466,7.643477916717529,11.064784049987793,8.532483100891113,4.723747253417969,6.71321439743042,19.39917755126953,17.288217544555664,5.130643367767334,3.510308027267456,35.67723083496094,35.091556549072266,8.814976692199707,-1.0527784824371338,19.173479080200195,22.963966369628906,16.687744140625,2.069024085998535,-1.091652274131775,4.109610080718994,17.5357608795166,0.3590688705444336,-2.0896267890930176,6.459892272949219,5.400447845458984,2.5128366947174072,0.6425525546073914,2.8153839111328125,2.3860740661621094
7.783334,467,7.654745578765869,11.044961929321289,8.518936157226562,4.687033653259277,6.734236240386963,19.401206970214844,17.23323631286621,5.063933372497559,3.5017311573028564,35.71025466918945,35.07804870605469,8.780468940734863,-1.0451953411102295,19.222583770751953,22.97542381286621,16.626361846923828,2.0672998428344727,-1.0751276016235352,4.073787212371826,17.45826530456543,0.3839142322540283,-2.053140640258789,6.467643737792969,5.402233123779297,2.519315004348755,0.6488900184631348,2.7815799713134766,2.3559165000915527
7.800000,468,7.080071449279785,11.044398307800293,8.420807838439941,4.532732963562012,6.230987548828125,18.313364028930664,16.954267501831055,5.34284782409668,3.3792285919189453,33.781898498535156,33.891563415527344,8.677614212036133,-1.5935115814208984,17.910751342773438,21.912921905517578,15.836787223815918,1.535456657409668,-2.049839735031128,3.8942556381225586,17.28781509399414,0.40892544388771057,-2.1026875972747803,6.126554489135742,5.042519569396973,2.344844341278076,0.7060885429382324,2.9569296836853027,2.401087999343872
7.816667,469,6.8499250411987305,10.997320175170898,8.338408470153809,4.552562236785889,6.118288516998291,17.703311920166016,16.749692916870117,5.489133834838867,3.317396879196167,32.825714111328125,33.24484634399414,8.747930526733398,-1.7597801685333252,17.489152908325195,21.740304946899414,15.920598983764648,1.4395456314086914,-2.2553372383117676,4.045900344848633,17.536428451538086,0.5186546444892883,-2.0271573066711426,6.061213970184326,4.906837463378906,2.2540884017944336,0.6794661283493042,2.9599947929382324,2.267691135406494
7.833334,470,6.858609199523926,11.011626243591309,8.352874755859375,4.551337242126465,6.123992443084717,17.698123931884766,16.740915298461914,5.478714942932129,3.308032751083374,32.83726501464844,33.25570297241211,8.736881256103516,-1.7623591423034668,17.504188537597656,21.75070571899414,15.908687591552734,1.4517221450805664,-2.25184965133667,4.047224044799805,17.54230499267578,0.5216308236122131,-2.0130341053009033,6.081515789031982,4.904229640960693,2.254706859588623,0.6779609322547913,2.970151424407959,2.257103681564331
7.850000,471,6.8988356590271,11.032755851745605,8.367420196533203,4.558481216430664,6.15464973449707,17.84667205810547,16.81822395324707,5.469041347503662,3.371504783630371,33.1056022644043,33.464874267578125,8.776924133300781,-1.6952531337738037,17.60335350036621,21.803001403808594,15.923489570617676,1.4685475826263428,-2.22941517829895,4.025415420532227,17.507976531982422,0.4914490580558777,-2.034153699874878,6.0929388999938965,4.9302215576171875,2.2634975910186768,0.6960627436637878,2.9786295890808105,2.27848482131958
7.866667,472,6.927282333374023,11.026512145996094,8.37177562713623,4.5665812492370605,6.156004428863525,17.94097328186035,16.871902465820312,5.472445964813232,3.3444266319274902,33.16838455200195,33.49324035644531,8.746199607849121,-1.7104811668395996,17.611652374267578,21.796850204467773,15.908487319946289,1.461003065109253,-2.199054002761841,4.000025749206543,17.47689437866211,0.4654396176338196,-2.0711936950683594,6.079876899719238,4.961549758911133,2.2761926651000977,0.6865196824073792,2.9685192108154297,2.328500270843506
7.883334,473,6.9409308433532715,11.021344184875488,8.382556915283203,4.5390238761901855,6.153277397155762,17.909568786621094,16.797704696655273,5.406601428985596,3.3204352855682373,33.14874267578125,33.451080322265625,8.689610481262207,-1.6912517547607422,17.632144927978516,21.77427101135254,15.868377685546875,1.4659457206726074,-2.169379711151123,3.9892423152923584,17.419815063476562,0.4763084053993225,-2.0467898845672607,6.095783710479736,4.943391799926758,2.293032169342041,0.6948989033699036,2.969202995300293,2.302401065826416
7.900000,474,6.9341630935668945,11.027735710144043,8.376947402954102,4.5546488761901855,6.1611714363098145,17.90898323059082,16.806283950805664,5.4313273429870605,3.337124824523926,33.17410659790039,33.48477554321289,8.723986625671387,-1.6857690811157227,17.66145896911621,21.81722640991211,15.901937484741211,1.483055591583252,-2.1810781955718994,4.002990245819092,17.461917877197266,0.48201072216033936,-2.045271635055542,6.101751327514648,4.947302341461182,2.2932839393615723,0.6994326114654541,2.9724202156066895,2.3019402027130127
7.916667,475,6.943058013916016,11.029128074645996,8.383659362792969,4.532556056976318,6.162432670593262,17.94586944580078,16.83855438232422,5.415707111358643,3.345735788345337,33.215919494628906,33.521602630615234,8.710394859313965,-1.705199956893921,17.65563201904297,21.801279067993164,15.82392406463623,1.4765563011169434,-2.2064919471740723,3.963585376739502,17.41226577758789,0.4668889045715332,-2.052365779876709,6.09896993637085,4.955045700073242,2.284438133239746,0.6926114559173584,2.9690942764282227,2.316305160522461
7.933334,476,6.939467430114746,11.044818878173828,8.399362564086914,4.6019511222839355,6.158753871917725,17.889009475708008,16.844921112060547,5.489754676818848,3.3204009532928467,33.116519927978516,33.46881866455078,8.761693000793457,-1.7222630977630615,17.62213897705078,21.848716735839844,16.038698196411133,1.4858624935150146,-2.1596333980560303,4.072461128234863,17.595998764038086,0.4815261662006378,-2.0667972564697266,6.102530002593994,4.959721088409424,2.2809953689575195,0.6726012229919434,2.986109733581543,2.309074640274048
7.950000,477,6.941816329956055,11.020870208740234,8.380789756774902,4.539060115814209,6.159709453582764,17.93079376220703,16.827966690063477,5.407943248748779,3.332752227783203,33.17570877075195,33.4815673828125,8.697419166564941,-1.6919305324554443,17.624393463134766,21.767194747924805,15.828619003295898,1.4613277912139893,-2.199286937713623,3.968360662460327,17.40272331237793,0.46792930364608765,-2.04978084564209,6.095188617706299,4.946377277374268,2.2837069034576416,0.6942119002342224,2.9682326316833496,2.3069355487823486
7.966667,478,6.9273247718811035,11.025185585021973,8.371441841125488,4.536142349243164,6.153707027435303,17.921659469604492,16.79755401611328,5.422214984893799,3.3457162380218506,33.196754455566406,33.4917106628418,8.716636657714844,-1.672577142715454,17.669429779052734,21.79790687561035,15.870694160461426,1.473304271697998,-2.176013946533203,3.982379674911499,17.415714263916016,0.4788598120212555,-2.0375070571899414,6.096364974975586,4.945602893829346,2.2988269329071045,0.7078681588172913,2.97031831741333,2.302449941635132
7.983334,479,6.943299293518066,11.015018463134766,8.380366325378418,4.549525260925293,6.151078701019287,17.93301010131836,16.834959030151367,5.425459384918213,3.3179619312286377,33.157745361328125,33.4719123840332,8.699843406677246,-1.7139403820037842,17.617210388183594,21.78194808959961,15.873834609985352,1.463261604309082,-2.1769299507141113,3.991840124130249,17.4403018951416,0.46589940786361694,-2.0683095455169678,6.090579509735107,4.958890438079834,2.2853736877441406,0.6831323504447937,2.969964027404785,2.3195419311523438
8.000000,480,6.936326503753662,11.023039817810059,8.37751293182373,4.555488586425781,6.154347896575928,17.93262481689453,16.843679428100586,5.448953151702881,3.3299620151519775,33.17728805541992,33.49498748779297,8.71778678894043,-1.7124676704406738,17.61888313293457,21.787370681762695,15.877779006958008,1.4746146202087402,-2.1849451065063477,3.9905264377593994,17.459529876708984,0.468098908662796,-2.0668869018554688,6.0843071937561035,4.961670875549316,2.28094482421875,0.6832852363586426,2.973890781402588,2.325662612915039
8.016667,481,6.919765949249268,11.025837898254395,8.378765106201172,4.560231685638428,6.152873516082764,17.86945343017578,16.786155700683594,5.441650867462158,3.3601222038269043,33.14597702026367,33.475379943847656,8.760082244873047,-1.6641154289245605,17.645004272460938,21.81719970703125,15.994563102722168,1.4685871601104736,-2.1590445041656494,4.0487895011901855,17.505287170410156,0.4937167167663574,-2.0400726795196533,6.094919204711914,4.9366679191589355,2.2883412837982178,0.7026617527008057,2.9764180183410645,2.2781717777252197
8.033334,482,6.9330925941467285,11.019574165344238,8.373069763183594,4.556064128875732,6.156141757965088,17.915891647338867,16.8221492767334,5.44443941116333,3.336007833480835,33.16427230834961,33.47883224487305,8.724197387695312,-1.6985321044921875,17.628477096557617,21.795337677001953,15.905740737915039,1.4810101985931396,-2.17303729057312,4.0023064613342285,17.466014862060547,0.4760740101337433,-2.057853937149048,6.089199542999268,4.957483291625977,2.2817623615264893,0.6874238848686218,2.971518039703369,2.315444231033325
8.050000,483,6.955854892730713,11.01795482635498,8.377723693847656,4.538178443908691,6.165985107421875,17.947921752929688,16.839330673217773,5.410502910614014,3.3059029579162598,33.1573371887207,33.454132080078125,8.667902946472168,-1.7356536388397217,17.625308990478516,21.77682113647461,15.79520034790039,1.4702141284942627,-2.199522018432617,3.9563002586364746,17.39987564086914,0.46320804953575134,-2.0701067447662354,6.089279651641846,4.959178447723389,2.2863094806671143,0.6834320425987244,2.9654908180236816,2.3305001258850098
8.066667,484,6.929669380187988,11.029985427856445,8.383489608764648,4.574458122253418,6.144021511077881,17.868608474731445,16.812824249267578,5.454142093658447,3.313260555267334,33.07049560546875,33.40898513793945,8.726043701171875,-1.709855318069458,17.593490600585938,21.793853759765625,15.959826469421387,1.4753680229187012,-2.166761636734009,4.043482780456543,17.516929626464844,0.4779035449028015,-2.0545976161956787,6.101260662078857,4.941885471343994,2.277310848236084,0.6788064241409302,2.9837303161621094,2.296175956726074
8.083334,485,6.95186185836792,11.03089427947998,8.389662742614746,4.575803279876709,6.159615516662598,17.952768325805664,16.868669509887695,5.457840442657471,3.323809862136841,33.179229736328125,33.49806594848633,8.727567672729492,-1.7156867980957031,17.621469497680664,21.808725357055664,15.934945106506348,1.4724984169006348,-2.1684257984161377,4.016436576843262,17.496870040893555,0.46134307980537415,-2.081968069076538,6.087779998779297,4.967105388641357,2.282770872116089,0.6761058568954468,2.9766087532043457,2.330791473388672
8.100000,486,6.922165393829346,11.021635055541992,8.373420715332031,4.545398235321045,6.146547317504883,17.87920379638672,16.79911231994629,5.428772449493408,3.334170341491699,33.1135139465332,33.43876647949219,8.716906547546387,-1.6942105293273926,17.610231399536133,21.77440643310547,15.88382339477539,1.4639966487884521,-2.189614772796631,4.0029144287109375,17.446096420288086,0.481048047542572,-2.0404458045959473,6.09556245803833,4.937587261199951,2.2826404571533203,0.6939671039581299,2.97310209274292,2.2909181118011475
8.116667,487,6.933385848999023,11.02324390411377,8.374783515930176,4.559356689453125,6.158366680145264,17.90550994873047,16.82514762878418,5.443608283996582,3.3204991817474365,33.13030242919922,33.452728271484375,8.7134428024292,-1.7105708122253418,17.619997024536133,21.795101165771484,15.891002655029297,1.4693989753723145,-2.186854362487793,4.007441520690918,17.469377517700195,0.4780743718147278,-2.057551860809326,6.094152450561523,4.949777126312256,2.285224437713623,0.6895245909690857,2.9757180213928223,2.305203676223755
8.133334,488,6.947677135467529,11.029325485229492,8.38391399383545,4.5660200119018555,6.165616035461426,17.944894790649414,16.869356155395508,5.4593119621276855,3.315546751022339,33.159793853759766,33.482051849365234,8.712152481079102,-1.7411301136016846,17.614912033081055,21.801342010498047,15.880855560302734,1.4740464687347412,-2.192011833190918,3.995414972305298,17.481525421142578,0.4649546444416046,-2.075200080871582,6.091061115264893,4.967414379119873,2.2776103019714355,0.6733316779136658,2.974234104156494,2.332853317260742
8.150000,489,6.927699565887451,11.034456253051758,8.3838529586792,4.5664448738098145,6.14872932434082,17.881114959716797,16.82511329650879,5.447438716888428,3.3393914699554443,33.11043930053711,33.45024490356445,8.74164867401123,-1.700049638748169,17.601442337036133,21.79619598388672,15.931278228759766,1.4614050388336182,-2.1927175521850586,4.031703948974609,17.496267318725586,0.47992268204689026,-2.05309796333313,6.091940879821777,4.93690824508667,2.281573534011841,0.6906494498252869,2.9801578521728516,2.2875754833221436
8.166667,490,6.931800365447998,11.013324737548828,8.36865520477295,4.518592834472656,6.161339282989502,17.92074966430664,16.801273345947266,5.404297351837158,3.336013078689575,33.184879302978516,33.484413146972656,8.686747550964355,-1.7000501155853271,17.643762588500977,21.76806640625,15.788818359375,1.4711229801177979,-2.201446056365967,3.949725389480591,17.37894630432129,0.4785933792591095,-2.037806272506714,6.095163345336914,4.949345588684082,2.2856011390686035,0.6971740126609802,2.9657692909240723,2.3080668449401855
8.183334,491,6.94743537902832,11.027802467346191,8.385046005249023,4.545470714569092,6.1548261642456055,17.974712371826172,16.854398727416992,5.424755573272705,3.349210739135742,33.2569465637207,33.55561828613281,8.722275733947754,-1.686556100845337,17.658700942993164,21.80274772644043,15.860213279724121,1.479508638381958,-2.1813464164733887,3.974762439727783,17.423978805541992,0.4582040309906006,-2.0598182678222656,6.102118492126465,4.964689254760742,2.287055253982544,0.6888219714164734,2.9750828742980957,2.322000503540039
8.200000,492,6.947063446044922,11.038863182067871,8.398641586303711,4.595241069793701,6.156555652618408,17.929588317871094,16.878644943237305,5.476118087768555,3.3208487033843994,33.1373176574707,33.48302459716797,8.749939918518066,-1.724287748336792,17.601459503173828,21.821453094482422,15.987780570983887,1.4617345333099365,-2.174489974975586,4.049473285675049,17.55048942565918,0.4671887159347534,-2.083526134490967,6.090462684631348,4.963165283203125,2.279412269592285,0.6721723079681396,2.9824275970458984,2.319772481918335
8.216667,493,6.939889907836914,11.047266960144043,8.400495529174805,4.611705780029297,6.153946876525879,17.908199310302734,16.865861892700195,5.5035929679870605,3.3361074924468994,33.139652252197266,33.49846649169922,8.790671348571777,-1.7196879386901855,17.628585815429688,21.871089935302734,16.086191177368164,1.4703149795532227,-2.1552300453186035,4.096737384796143,17.622085571289062,0.48078909516334534,-2.085587978363037,6.0895609855651855,4.963741302490234,2.28877592086792,0.6765307784080505,2.9888362884521484,2.3088722229003906
8.233334,494,6.9292893409729,11.02147388458252,8.379323959350586,4.557286739349365,6.149982929229736,17.88382339477539,16.800582885742188,5.439236640930176,3.3335306644439697,33.1403694152832,33.469276428222656,8.728303909301758,-1.7002544403076172,17.63187599182129,21.80609893798828,15.928322792053223,1.4858686923980713,-2.174633026123047,4.015890598297119,17.488872528076172,0.48238781094551086,-2.0484540462493896,6.098569869995117,4.95010232925415,2.282804012298584,0.685185432434082,2.973910331726074,2.3038861751556396
8.250000,495,6.93945837020874,11.0159330368042,8.378473281860352,4.553512096405029,6.163007736206055,17.902143478393555,16.807430267333984,5.431289196014404,3.321808099746704,33.15141296386719,33.47221374511719,8.709792137145996,-1.7127156257629395,17.638654708862305,21.809743881225586,15.900748252868652,1.4800946712493896,-2.1755340099334717,4.009024143218994,17.475399017333984,0.48758330941200256,-2.0568394660949707,6.09576416015625,4.957238674163818,2.2878689765930176,0.6882951855659485,2.971816062927246,2.3060731887817383
8.266667,496,6.942654132843018,11.034146308898926,8.38927936553955,4.554482460021973,6.15596342086792,17.944740295410156,16.8593692779541,5.431080341339111,3.34492826461792,33.200340270996094,33.51660919189453,8.726655960083008,-1.6909575462341309,17.620866775512695,21.785877227783203,15.86884880065918,1.4638526439666748,-2.2028119564056396,3.9845707416534424,17.44114875793457,0.4626895487308502,-2.060166120529175,6.091613292694092,4.951786518096924,2.279963970184326,0.6897002458572388,2.971012592315674,2.3137705326080322
8.283334,497,6.92429256439209,11.009416580200195,8.36699104309082,4.525647163391113,6.158673286437988,17.888505935668945,16.784927368164062,5.408312797546387,3.3324432373046875,33.14141082763672,33.452510833740234,8.691508293151855,-1.6981563568115234,17.626359939575195,21.76016616821289,15.81335735321045,1.466843605041504,-2.203136444091797,3.961331367492676,17.39664077758789,0.4851950407028198,-2.0344932079315186,6.089941501617432,4.94306755065918,2.284242868423462,0.6984962224960327,2.9631237983703613,2.300483465194702
8.300000,498,6.935657024383545,11.041434288024902,8.3859224319458,4.567073822021484,6.1653523445129395,17.912521362304688,16.82749366760254,5.458308219909668,3.351045846939087,33.1940803527832,33.51930618286133,8.753890037536621,-1.692042589187622,17.66257095336914,21.841445922851562,15.958192825317383,1.491990089416504,-2.169619083404541,4.0348310470581055,17.519512176513672,0.48373574018478394,-2.0467753410339355,6.109984874725342,4.95166015625,2.284058094024658,0.6879715919494629,2.9869532585144043,2.296071767807007
8.316667,499,6.945349216461182,11.037235260009766,8.388151168823242,4.591640472412109,6.169297695159912,17.927404403686523,16.8543758392334,5.477504253387451,3.3382394313812256,33.18899154663086,33.51427459716797,8.755555152893066,-1.7002546787261963,17.639543533325195,21.836925506591797,15.988653182983398,1.4927892684936523,-2.163313865661621,4.040231704711914,17.54610252380371,0.474814236164093,-2.067814826965332,6.098611831665039,4.964791297912598,2.280028820037842,0.680669903755188,2.9827880859375,2.318337917327881
8.333334,500,6.936731338500977,11.039941787719727,8.3927001953125,4.5653533935546875,6.149472713470459,17.907791137695312,16.833900451660156,5.443846702575684,3.3337130546569824,33.13267135620117,33.45886993408203,8.732341766357422,-1.6984150409698486,17.612756729125977,21.79001235961914,15.93445110321045,1.459082841873169,-2.175776720046997,4.020451545715332,17.481475830078125,0.46827432513237,-2.0522475242614746,6.0973992347717285,4.9431071281433105,2.2821264266967773,0.6849101781845093,2.980412483215332,2.3022353649139404
8.350000,501,6.909830093383789,11.018904685974121,8.361143112182617,4.524368762969971,6.142612934112549,17.902793884277344,16.80208396911621,5.421972751617432,3.3615710735321045,33.18024826049805,33.492103576660156,8.725582122802734,-1.674543857574463,17.641944885253906,21.774961471557617,15.822976112365723,1.476494312286377,-2.2152886390686035,3.9591917991638184,17.396278381347656,0.4719562232494354,-2.034313678741455,6.088927268981934,4.935769557952881,2.2832741737365723,0.7018181085586548,2.9654345512390137,2.305952548980713
8.366667,502,6.94061803817749,11.022115707397461,8.383101463317871,4.535928726196289,6.160271167755127,17.890087127685547,16.79892921447754,5.407353401184082,3.31186580657959,33.11935806274414,33.43404769897461,8.681797981262207,-1.7164521217346191,17.623050689697266,21.78287696838379,15.84127140045166,1.4746923446655273,-2.186650514602661,3.9906234741210938,17.43021011352539,0.4806906282901764,-2.042159080505371,6.108038425445557,4.942860126495361,2.2835988998413086,0.6904273629188538,2.973775863647461,2.294429063796997
8.383334,503,6.91819953918457,11.023836135864258,8.373615264892578,4.541987895965576,6.150303363800049,17.875469207763672,16.800718307495117,5.430231094360352,3.339238166809082,33.11518478393555,33.44343948364258,8.718942642211914,-1.6906676292419434,17.60861587524414,21.767793655395508,15.869462966918945,1.468564748764038,-2.198472738265991,3.994396209716797,17.442100524902344,0.4799685478210449,-2.0322062969207764,6.098430156707764,4.933367729187012,2.2755885124206543,0.6918684244155884,2.973316192626953,2.2908647060394287
8.400000,504,6.932474613189697,11.027106285095215,8.382723808288574,4.5587921142578125,6.149666786193848,17.91512680053711,16.843387603759766,5.446720123291016,3.3404805660247803,33.159000396728516,33.49002456665039,8.735946655273438,-1.7056801319122314,17.6146183013916,21.799583435058594,15.90668773651123,1.4684276580810547,-2.191969156265259,4.010823726654053,17.47748565673828,0.47158387303352356,-2.0619263648986816,6.091403961181641,4.952808380126953,2.280512809753418,0.687195897102356,2.9751715660095215,2.306563138961792
8.416667,505,6.93205451965332,11.028804779052734,8.379237174987793,4.55805778503418,6.151147365570068,17.912132263183594,16.83196449279785,5.442302227020264,3.325899124145508,33.14753341674805,33.471534729003906,8.720205307006836,-1.7073440551757812,17.623851776123047,21.79925537109375,15.883355140686035,1.4708216190338135,-2.197465419769287,4.000370979309082,17.466176986694336,0.4769798815250397,-2.056697130203247,6.093498229980469,4.949713706970215,2.2883195877075195,0.6920753121376038,2.9730753898620605,2.307823657989502
8.433334,506,6.92462682723999,11.023919105529785,8.370513916015625,4.547887325286865,6.158483028411865,17.889978408813477,16.811241149902344,5.445032119750977,3.336611270904541,33.14256286621094,33.46702575683594,8.72091007232666,-1.7085163593292236,17.621532440185547,21.79206657409668,15.875777244567871,1.474344253540039,-2.197359323501587,3.999920129776001,17.463523864746094,0.48840776085853577,-2.047319173812866,6.088931560516357,4.94716739654541,2.282926559448242,0.6937456727027893,2.9732680320739746,2.2994136810302734
8.450000,507,6.950072288513184,11.024748802185059,8.382884979248047,4.551055908203125,6.162695407867432,17.918455123901367,16.81145668029785,5.422952175140381,3.314850330352783,33.16560745239258,33.469844818115234,8.693098068237305,-1.709566354751587,17.637941360473633,21.79635238647461,15.884939193725586,1.4887382984161377,-2.162151575088501,3.999300241470337,17.45705795288086,0.4767591953277588,-2.051894187927246,6.1081132888793945,4.955780506134033,2.284592866897583,0.6819764971733093,2.977626323699951,2.309056043624878
8.466667,508,6.939766883850098,11.025093078613281,8.390884399414062,4.553213119506836,6.144594192504883,17.914091110229492,16.823789596557617,5.422333717346191,3.3360562324523926,33.16719436645508,33.48899459838867,8.721810340881348,-1.6911604404449463,17.61863136291504,21.78746795654297,15.906139373779297,1.462348222732544,-2.1768012046813965,4.007213592529297,17.456256866455078,0.47216787934303284,-2.057741403579712,6.091264724731445,4.9495086669921875,2.2893784046173096,0.6912593245506287,2.9740214347839355,2.3005566596984863
8.483334,509,6.935057640075684,11.015876770019531,8.371166229248047,4.535717010498047,6.157379627227783,17.93654441833496,16.825315475463867,5.4145073890686035,3.3433525562286377,33.185733795166016,33.4879264831543,8.707764625549316,-1.6833434104919434,17.629756927490234,21.76954460144043,15.846519470214844,1.4603705406188965,-2.1837825775146484,3.9788432121276855,17.40267562866211,0.4688343107700348,-2.048666000366211,6.096435070037842,4.947664260864258,2.2828128337860107,0.6948416829109192,2.970907688140869,2.303128242492676
8.500000,510,6.92932653427124,11.03678035736084,8.386126518249512,4.56203556060791,6.146778106689453,17.901803970336914,16.8131103515625,5.446471214294434,3.3487179279327393,33.175899505615234,33.501953125,8.751846313476562,-1.6839919090270996,17.652509689331055,21.82973861694336,15.963034629821777,1.475426197052002,-2.168151378631592,4.036839962005615,17.50369644165039,0.4869234561920166,-2.048027515411377,6.101353168487549,4.94675874710083,2.2955539226531982,0.6972321271896362,2.981201648712158,2.289153575897217
8.516667,511,6.926389694213867,11.00717544555664,8.360509872436523,4.5137224197387695,6.152956485748291,17.90545654296875,16.786184310913086,5.400815486907959,3.3266220092773438,33.15883255004883,33.45989990234375,8.67570972442627,-1.704404592514038,17.636507034301758,21.761991500854492,15.777303695678711,1.4761695861816406,-2.200895071029663,3.9496281147003174,17.373685836791992,0.4786510765552521,-2.0391290187835693,6.093106269836426,4.944573402404785,2.2865917682647705,0.6950845122337341,2.9659018516540527,2.3083884716033936
8.533334,512,6.934516429901123,11.003317832946777,8.363896369934082,4.51878023147583,6.155278205871582,17.9190731048584,16.811960220336914,5.402710437774658,3.3089165687561035,33.121891021728516,33.421627044677734,8.660693168640137,-1.7237584590911865,17.600387573242188,21.738889694213867,15.777299880981445,1.4538850784301758,-2.1971662044525146,3.9517505168914795,17.367706298828125,0.47191914916038513,-2.0544204711914062,6.085975646972656,4.9488372802734375,2.2815136909484863,0.6906580328941345,2.9621143341064453,2.3154802322387695
8.550000,513,6.930821895599365,11.005199432373047,8.364411354064941,4.537075996398926,6.151209354400635,17.900333404541016,16.802474975585938,5.427552223205566,3.314744472503662,33.13372039794922,33.44516372680664,8.689230918884277,-1.7237720489501953,17.621095657348633,21.78310203552246,15.848708152770996,1.4803357124328613,-2.1837100982666016,3.9823644161224365,17.435749053955078,0.48311248421669006,-2.0584235191345215,6.08626651763916,4.957422256469727,2.2858633995056152,0.6884282231330872,2.9644007682800293,2.3167850971221924
8.566667,514,6.946804046630859,11.046615600585938,8.395478248596191,4.57256555557251,6.152682304382324,17.953609466552734,16.857927322387695,5.450474262237549,3.3468334674835205,33.219337463378906,33.52873229980469,8.749497413635254,-1.6832473278045654,17.65950584411621,21.83108901977539,15.95559024810791,1.4799034595489502,-2.1685731410980225,4.017045021057129,17.491716384887695,0.4595923125743866,-2.065169095993042,6.100846767425537,4.956356525421143,2.2904560565948486,0.6890776753425598,2.9801082611083984,2.3194172382354736
8.583334,515,6.934671401977539,11.017822265625,8.378135681152344,4.552372932434082,6.156320095062256,17.88863182067871,16.806896209716797,5.433570384979248,3.314544677734375,33.114723205566406,33.44253158569336,8.703508377075195,-1.7221543788909912,17.61418914794922,21.78985023498535,15.887946128845215,1.4692764282226562,-2.1822831630706787,4.007441997528076,17.469886779785156,0.4846540689468384,-2.0563039779663086,6.091310977935791,4.951876640319824,2.284585952758789,0.6857813596725464,2.973259449005127,2.3044321537017822
8.600000,516,6.920193672180176,11.011348724365234,8.376053810119629,4.566641807556152,6.142035007476807,17.823497772216797,16.76688575744629,5.449423313140869,3.3133761882781982,33.04825210571289,33.396610260009766,8.723329544067383,-1.7199006080627441,17.594070434570312,21.79452896118164,15.977433204650879,1.4812967777252197,-2.1641924381256104,4.045544624328613,17.534780502319336,0.5021504163742065,-2.0492019653320312,6.08635139465332,4.943167209625244,2.281212568283081,0.6785176992416382,2.973635673522949,2.2937166690826416
8.616667,517,6.923548698425293,11.006293296813965,8.360480308532715,4.514759063720703,6.1517839431762695,17.899263381958008,16.776803970336914,5.398738861083984,3.334712505340576,33.159603118896484,33.45477294921875,8.683868408203125,-1.6905970573425293,17.643075942993164,21.763736724853516,15.798449516296387,1.472275972366333,-2.1960601806640625,3.952198028564453,17.371318817138672,0.48262444138526917,-2.0345358848571777,6.090028762817383,4.9417548179626465,2.2913200855255127,0.7036898136138916,2.9603705406188965,2.3033037185668945
8.633334,518,6.92816686630249,11.002706527709961,8.359701156616211,4.525722026824951,6.160792350769043,17.91220474243164,16.804859161376953,5.418800354003906,3.3220937252044678,33.134925842285156,33.441612243652344,8.683399200439453,-1.7174475193023682,17.61802101135254,21.757917404174805,15.816191673278809,1.454496145248413,-2.194241762161255,3.965043306350708,17.397079467773438,0.48139530420303345,-2.055850028991699,6.076473236083984,4.951164722442627,2.285670280456543,0.6942847967147827,2.9620580673217773,2.313477039337158
8.650000,519,6.925642967224121,11.02581787109375,8.377904891967773,4.5432868003845215,6.152434349060059,17.886638641357422,16.779693603515625,5.423289775848389,3.3545279502868652,33.18696212768555,33.5002326965332,8.734622955322266,-1.668581485748291,17.664011001586914,21.809917449951172,15.91699504852295,1.4929144382476807,-2.1691701412200928,4.007091045379639,17.46153450012207,0.48751258850097656,-2.030341386795044,6.1070780754089355,4.942896366119385,2.2865822315216064,0.6989389061927795,2.976855754852295,2.289536237716675
8.666667,520,6.951860427856445,11.01457691192627,8.375298500061035,4.544777870178223,6.15579080581665,17.918745040893555,16.8105525970459,5.415444374084473,3.291807174682617,33.11725616455078,33.41294479370117,8.663545608520508,-1.7323694229125977,17.613969802856445,21.772457122802734,15.847970962524414,1.4733853340148926,-2.1681087017059326,3.9828593730926514,17.425758361816406,0.4745437800884247,-2.065199375152588,6.0926995277404785,4.9569411277771,2.290235757827759,0.6829420924186707,2.9682793617248535,2.3204894065856934
8.683334,521,6.918360710144043,11.001649856567383,8.355299949645996,4.514481067657471,6.1578216552734375,17.88855743408203,16.76902961730957,5.4008941650390625,3.3419015407562256,33.16117477416992,33.45856475830078,8.689996719360352,-1.6808886528015137,17.6440372467041,21.76224136352539,15.804238319396973,1.4795963764190674,-2.1943442821502686,3.9538776874542236,17.37532615661621,0.48558565974235535,-2.0283079147338867,6.0933756828308105,4.941910743713379,2.2833099365234375,0.7045919299125671,2.9602928161621094,2.300180673599243
8.700000,522,6.938283443450928,11.042662620544434,8.387791633605957,4.582131385803223,6.158076763153076,17.924833297729492,16.845279693603516,5.469327926635742,3.339160442352295,33.16872024536133,33.489498138427734,8.754495620727539,-1.6915278434753418,17.64303207397461,21.831209182739258,15.993517875671387,1.4762217998504639,-2.156740188598633,4.043763160705566,17.5252628326416,0.47086721658706665,-2.0622904300689697,6.099796772003174,4.954238414764404,2.2865209579467773,0.6867003440856934,2.9827303886413574,2.3109965324401855
8.716667,523,6.938414573669434,11.014461517333984,8.376530647277832,4.561750411987305,6.15291690826416,17.900712966918945,16.822317123413086,5.450125694274902,3.3045289516448975,33.10625076293945,33.42685317993164,8.697362899780273,-1.7313463687896729,17.595556259155273,21.7771053314209,15.89604377746582,1.4755167961120605,-2.1718015670776367,4.002539157867432,17.476608276367188,0.4771009087562561,-2.0677053928375244,6.079456806182861,4.960037708282471,2.28214168548584,0.6767479181289673,2.9686355590820312,2.3258230686187744
8.733334,524,6.937458038330078,11.017237663269043,8.37777328491211,4.547240734100342,6.151485443115234,17.897008895874023,16.798206329345703,5.430041313171387,3.3109591007232666,33.13434982299805,33.44801330566406,8.693619728088379,-1.7228662967681885,17.62867546081543,21.79189682006836,15.882140159606934,1.4800517559051514,-2.1743216514587402,3.9935150146484375,17.458539962768555,0.4845414459705353,-2.0548086166381836,6.09014892578125,4.955465316772461,2.291714668273926,0.685469388961792,2.968587875366211,2.316286087036133
8.750000,525,6.922092914581299,11.012084007263184,8.37186336517334,4.541254997253418,6.145248889923096,17.857749938964844,16.76829719543457,5.421109199523926,3.3266711235046387,33.1068000793457,33.42925262451172,8.70490550994873,-1.693432092666626,17.609312057495117,21.76942253112793,15.893211364746094,1.4735572338104248,-2.1697230339050293,4.008806228637695,17.451948165893555,0.49426838755607605,-2.0357961654663086,6.09354305267334,4.940365314483643,2.285776376724243,0.6944504976272583,2.972813606262207,2.2853400707244873
8.766667,526,6.946447372436523,11.029993057250977,8.38111400604248,4.545363426208496,6.163684844970703,17.972068786621094,16.864667892456055,5.431668758392334,3.341621160507202,33.215885162353516,33.5139045715332,8.712343215942383,-1.699453592300415,17.636775970458984,21.782066345214844,15.842026710510254,1.4636485576629639,-2.1918275356292725,3.968869209289551,17.412738800048828,0.4547600746154785,-2.0629169940948486,6.092384338378906,4.958166122436523,2.281320810317993,0.6887901425361633,2.9719910621643066,2.3260390758514404
8.783334,527,6.935415267944336,11.00683307647705,8.372828483581543,4.541083812713623,6.15408992767334,17.89716911315918,16.808753967285156,5.417006492614746,3.309541702270508,33.11099624633789,33.42752456665039,8.681020736694336,-1.7165241241455078,17.590354919433594,21.751497268676758,15.841242790222168,1.4584589004516602,-2.1890060901641846,3.9813952445983887,17.421493530273438,0.4778841733932495,-2.057415008544922,6.082877159118652,4.949038505554199,2.28183650970459,0.6861762404441833,2.96453857421875,2.310807466506958
8.800000,528,6.45542573928833,11.556188583374023,8.672187805175781,5.715776443481445,6.206567287445068,16.89519691467285,18.039066314697266,7.511964321136475,3.9960858821868896,30.958332061767578,32.92573928833008,11.156756401062012,-1.8862383365631104,16.81653594970703,23.419118881225586,19.469694137573242,1.7197961807250977,-2.7678582668304443,6.0241923332214355,20.987302780151367,0.8263678550720215,-1.5295220613479614,6.53363561630249,4.7118096351623535,1.9462432861328125,-0.08743783831596375,2.978917121887207,1.9102954864501953
8.816667,529,6.418407917022705,11.723950386047363,8.918395042419434,6.037678241729736,6.260423183441162,16.585865020751953,18.332002639770508,8.077120780944824,4.093993186950684,30.26821517944336,32.73091125488281,11.803080558776855,-1.9079363346099854,16.589893341064453,23.9472599029541,20.673524856567383,1.8242573738098145,-2.8004672527313232,6.734778881072998,22.099454879760742,0.9934530258178711,-1.3040916919708252,6.764950275421143,4.636132717132568,1.8992712497711182,-0.3468621075153351,3.011834144592285,1.7665321826934814
8.833334,530,6.3881916999816895,11.793535232543945,9.018482208251953,6.133693695068359,6.287752151489258,16.391193389892578,18.341218948364258,8.260308265686035,4.133537292480469,29.969173431396484,32.628334045410156,12.045225143432617,-1.9057140350341797,16.57948875427246,24.197147369384766,21.135896682739258,1.9124815464019775,-2.8095192909240723,7.001495838165283,22.53072166442871,1.0823402404785156,-1.1760228872299194,6.868577003479004,4.585856914520264,1.896600365638733,-0.42613452672958374,3.017477512359619,1.7018442153930664
8.850000,531,6.392698287963867,11.821978569030762,9.050076484680176,6.173291206359863,6.30906867980957,16.366029739379883,18.37439727783203,8.323235511779785,4.146219253540039,29.9088134765625,32.61334228515625,12.122180938720703,-1.9046943187713623,16.590559005737305,24.289207458496094,21.29261589050293,1.927187442779541,-2.80680251121521,7.0920939445495605,22.662809371948242,1.1010855436325073,-1.1556586027145386,6.900552272796631,4.572761535644531,1.9043933153152466,-0.43951180577278137,3.026681900024414,1.6819348335266113
8.866667,532,6.399187088012695,11.839818000793457,9.068089485168457,6.193620204925537,6.3325066566467285,16.385963439941406,18.45590591430664,8.376167297363281,4.162261009216309,29.85177230834961,32.600887298583984,12.167888641357422,-1.9331064224243164,16.542821884155273,24.311960220336914,21.32563591003418,1.9183952808380127,-2.837378978729248,7.1219916343688965,22.712173461914062,1.0933390855789185,-1.1418166160583496,6.91421365737915,4.573078155517578,1.889032244682312,-0.46688607335090637,3.0257153511047363,1.692213535308838
8.883334,533,6.398010730743408,11.896805763244629,9.150217056274414,6.270294666290283,6.284344673156738,16.387100219726562,18.559274673461914,8.473640441894531,4.18363094329834,29.802165985107422,32.63461685180664,12.331267356872559,-1.8950510025024414,16.50494956970215,24.423730850219727,21.647409439086914,1.9145708084106445,-2.8127224445343018,7.285243511199951,22.961578369140625,1.0912359952926636,-1.127117395401001,6.956457138061523,4.5580010414123535,1.8886505365371704,-0.49926361441612244,3.0366501808166504,1.6562035083770752
8.900000,534,6.396721839904785,11.83719253540039,9.074280738830566,6.1979570388793945,6.30539083480835,16.372770309448242,18.43785858154297,8.371479988098145,4.1526899337768555,29.86709976196289,32.61317825317383,12.177793502807617,-1.9199554920196533,16.555570602416992,24.3333683013916,21.377309799194336,1.9329078197479248,-2.8146815299987793,7.15049934387207,22.753305435180664,1.095120906829834,-1.1491140127182007,6.926762580871582,4.571098327636719,1.8915027379989624,-0.4657979905605316,3.029359817504883,1.6734259128570557
8.916667,535,6.368194580078125,11.802380561828613,9.034896850585938,6.163287162780762,6.329337120056152,16.317073822021484,18.385204315185547,8.341657638549805,4.189441680908203,29.81277847290039,32.562286376953125,12.164368629455566,-1.8990540504455566,16.516664505004883,24.260635375976562,21.28257942199707,1.902036428451538,-2.85831618309021,7.107892990112305,22.649396896362305,1.1204603910446167,-1.1275514364242554,6.9022135734558105,4.547897815704346,1.888791561126709,-0.4439179599285126,3.020534038543701,1.6508474349975586
8.933334,536,6.389732837677002,11.81118106842041,9.042034149169922,6.155313491821289,6.332927703857422,16.3612003326416,18.395780563354492,8.321842193603516,4.159729957580566,29.861309051513672,32.58555603027344,12.11177921295166,-1.9352545738220215,16.549970626831055,24.262786865234375,21.194976806640625,1.918158769607544,-2.8569767475128174,7.0547566413879395,22.606266021728516,1.1009150743484497,-1.1335973739624023,6.905133247375488,4.573248863220215,1.8907569646835327,-0.45178017020225525,3.008819580078125,1.6924867630004883
8.950000,537,6.3992390632629395,11.862584114074707,9.103885650634766,6.230371952056885,6.31419038772583,16.343843460083008,18.45033073425293,8.4159517288208,4.148175239562988,29.811969757080078,32.59210968017578,12.222235679626465,-1.9134330749511719,16.549238204956055,24.379716873168945,21.503864288330078,1.9310195446014404,-2.7970128059387207,7.224132061004639,22.85321617126465,1.1119788885116577,-1.1371382474899292,6.93785285949707,4.562442302703857,1.9004071950912476,-0.4704902470111847,3.0467920303344727,1.655674934387207
8.966667,538,6.371333122253418,11.84876823425293,9.08641529083252,6.19537353515625,6.338708400726318,16.316238403320312,18.42822265625,8.391426086425781,4.199387550354004,29.795211791992188,32.59565734863281,12.236311912536621,-1.891944169998169,16.55925750732422,24.36605453491211,21.418794631958008,1.9303317070007324,-2.853585720062256,7.176112174987793,22.77185821533203,1.1213016510009766,-1.090017557144165,6.949463367462158,4.545557498931885,1.8904112577438354,-0.4621194899082184,3.026526927947998,1.6541519165039062
8.983334,539,6.365769863128662,11.874451637268066,9.111028671264648,6.229241371154785,6.325437068939209,16.29201316833496,18.425273895263672,8.441869735717773,4.216677665710449,29.796977996826172,32.62443542480469,12.31583023071289,-1.8802242279052734,16.60042381286621,24.460905075073242,21.5733642578125,1.970003366470337,-2.8369174003601074,7.244268417358398,22.905527114868164,1.1430965662002563,-1.0774480104446411,6.9633402824401855,4.542813301086426,1.904913067817688,-0.4713973104953766,3.031118869781494,1.6467459201812744
9.000000,540,6.383396148681641,11.848459243774414,9.077836036682129,6.184216499328613,6.3250555992126465,16.367721557617188,18.448579788208008,8.370438575744629,4.19782829284668,29.84893035888672,32.62184143066406,12.211652755737305,-1.911658763885498,16.56451416015625,24.346181869506836,21.353269577026367,1.9212284088134766,-2.853325843811035,7.136678695678711,22.720300674438477,1.0986249446868896,-1.1153310537338257,6.93336820602417,4.560591697692871,1.8904083967208862,-0.46129122376441956,3.020129680633545,1.6756048202514648
9.016667,541,6.393899440765381,11.84034538269043,9.08695125579834,6.2189202308654785,6.291314601898193,16.368993759155273,18.461429595947266,8.404332160949707,4.1421661376953125,29.820476531982422,32.58457565307617,12.202775001525879,-1.9319751262664795,16.5181827545166,24.32849884033203,21.449769973754883,1.919886589050293,-2.798170804977417,7.181445598602295,22.810022354125977,1.0887001752853394,-1.152522325515747,6.923149108886719,4.576221466064453,1.8841472864151,-0.4816853106021881,3.022331714630127,1.679290771484375
9.033334,542,6.385129928588867,11.834009170532227,9.06701374053955,6.186825752258301,6.321557998657227,16.377620697021484,18.443750381469727,8.362652778625488,4.194021701812744,29.904407501220703,32.652286529541016,12.19671630859375,-1.890629529953003,16.55694580078125,24.31683921813965,21.330434799194336,1.923227310180664,-2.852381467819214,7.115540027618408,22.697473526000977,1.102651834487915,-1.1311500072479248,6.921594142913818,4.566840648651123,1.8918534517288208,-0.4519728720188141,3.0198774337768555,1.6738171577453613
9.050000,543,6.398557662963867,11.847697257995605,9.090409278869629,6.213898658752441,6.344476699829102,16.357194900512695,18.48160743713379,8.416263580322266,4.168506622314453,29.795578002929688,32.57986068725586,12.209566116333008,-1.9310317039489746,16.50637435913086,24.336753845214844,21.38613510131836,1.9286067485809326,-2.855963945388794,7.157789707183838,22.7731990814209,1.1107327938079834,-1.112782597541809,6.935670375823975,4.565950870513916,1.8840394020080566,-0.4854676425457001,3.0162463188171387,1.6837208271026611
9.066667,544,6.395159721374512,11.85715389251709,9.09946060180664,6.193019390106201,6.339094161987305,16.339523315429688,18.468029022216797,8.385223388671875,4.185443878173828,29.774925231933594,32.57289123535156,12.2117280960083,-1.9271488189697266,16.515270233154297,24.34784507751465,21.353862762451172,1.9158663749694824,-2.8777506351470947,7.1580810546875,22.74071502685547,1.1122199296951294,-1.0931395292282104,6.94706392288208,4.548233985900879,1.8909533023834229,-0.4733542501926422,3.014780044555664,1.662837266921997
9.083334,545,6.382382869720459,11.87108325958252,9.115348815917969,6.2450947761535645,6.339176177978516,16.310789108276367,18.474756240844727,8.471221923828125,4.186588287353516,29.753246307373047,32.58934783935547,12.301433563232422,-1.9165375232696533,16.541780471801758,24.438600540161133,21.567819595336914,1.9662675857543945,-2.833352565765381,7.258306503295898,22.931148529052734,1.1304067373275757,-1.0906131267547607,6.972568988800049,4.554688930511475,1.8853349685668945,-0.4973051846027374,3.0360965728759766,1.6524121761322021
9.100000,546,6.38889741897583,11.849912643432617,9.094075202941895,6.22291898727417,6.3109869956970215,16.368436813354492,18.463895797729492,8.417125701904297,4.147719860076904,29.819068908691406,32.602012634277344,12.222282409667969,-1.9368925094604492,16.569137573242188,24.38639259338379,21.458791732788086,1.9523606300354004,-2.8197181224823,7.172547817230225,22.837360382080078,1.0952129364013672,-1.1259711980819702,6.9484968185424805,4.579232215881348,1.884849190711975,-0.48980602622032166,3.0150437355041504,1.6968269348144531
9.116667,547,6.370875358581543,11.829978942871094,9.053451538085938,6.182252883911133,6.318365573883057,16.385915756225586,18.4349365234375,8.37033748626709,4.184441566467285,29.880760192871094,32.63203430175781,12.184988021850586,-1.9035570621490479,16.565502166748047,24.301965713500977,21.299558639526367,1.9218049049377441,-2.8532192707061768,7.086463451385498,22.676101684570312,1.095956802368164,-1.1280988454818726,6.908071041107178,4.574276924133301,1.8912277221679688,-0.46187976002693176,3.0156359672546387,1.7066729068756104
9.133334,548,6.407535076141357,11.864496231079102,9.093544960021973,6.221630573272705,6.372389316558838,16.365821838378906,18.47595977783203,8.427911758422852,4.1881422996521,29.835121154785156,32.60865020751953,12.22423267364502,-1.918799877166748,16.5462589263916,24.363265991210938,21.409751892089844,1.9407703876495361,-2.8485653400421143,7.165590286254883,22.7879581451416,1.124139666557312,-1.1101893186569214,6.929924011230469,4.565089225769043,1.892343521118164,-0.47824785113334656,3.028963565826416,1.6830174922943115
9.150000,549,6.382242679595947,11.817265510559082,9.049121856689453,6.180978775024414,6.3127570152282715,16.36804962158203,18.41571044921875,8.351346015930176,4.16265869140625,29.875465393066406,32.60852813720703,12.15829849243164,-1.916383981704712,16.553306579589844,24.290788650512695,21.31509017944336,1.9110515117645264,-2.826751470565796,7.112183570861816,22.687711715698242,1.095886468887329,-1.1560927629470825,6.905494689941406,4.573329448699951,1.8916891813278198,-0.44580796360969543,3.023202896118164,1.6747071743011475
9.166667,550,6.393530368804932,11.843873023986816,9.075679779052734,6.175905704498291,6.347642421722412,16.3159236907959,18.385190963745117,8.340766906738281,4.177905082702637,29.814231872558594,32.56626510620117,12.165661811828613,-1.8919141292572021,16.575223922729492,24.32991600036621,21.324132919311523,1.931504487991333,-2.8478903770446777,7.131733417510986,22.68665885925293,1.123360276222229,-1.101629614830017,6.933085918426514,4.538550853729248,1.9059052467346191,-0.4434264600276947,3.0261573791503906,1.6523747444152832
9.183334,551,6.395916938781738,11.849065780639648,9.086334228515625,6.197300434112549,6.343821048736572,16.352994918823242,18.457164764404297,8.370109558105469,4.194770812988281,29.826126098632812,32.60343933105469,12.208694458007812,-1.889892339706421,16.53146743774414,24.33011245727539,21.360559463500977,1.9204819202423096,-2.8646817207336426,7.1504411697387695,22.721899032592773,1.1050440073013306,-1.108520269393921,6.943716049194336,4.544480323791504,1.8897552490234375,-0.46338632702827454,3.0290989875793457,1.6581664085388184
9.200000,552,6.379036903381348,11.804274559020996,9.031706809997559,6.137449741363525,6.3288445472717285,16.361011505126953,18.391738891601562,8.297447204589844,4.166556358337402,29.838642120361328,32.56800842285156,12.100709915161133,-1.9237101078033447,16.546245574951172,24.24452781677246,21.133708953857422,1.900672197341919,-2.886946678161621,7.025487899780273,22.54323387145996,1.0949231386184692,-1.1240571737289429,6.9029107093811035,4.560631275177002,1.8973252773284912,-0.4412098824977875,3.0005764961242676,1.6927471160888672
9.216667,553,6.379162788391113,11.830048561096191,9.05842399597168,6.154985427856445,6.338068962097168,16.314538955688477,18.364437103271484,8.306070327758789,4.1914520263671875,29.82778549194336,32.57809066772461,12.152249336242676,-1.8751871585845947,16.572111129760742,24.29241943359375,21.253110885620117,1.923673152923584,-2.865241289138794,7.094499111175537,22.61891746520996,1.115084171295166,-1.0985831022262573,6.931288719177246,4.534854888916016,1.900527000427246,-0.43720027804374695,3.027780532836914,1.6508371829986572
9.233334,554,6.367893695831299,11.844991683959961,9.06682014465332,6.181767463684082,6.331646919250488,16.3335018157959,18.407001495361328,8.36290168762207,4.220151901245117,29.84787368774414,32.625972747802734,12.230561256408691,-1.862283706665039,16.583332061767578,24.34941864013672,21.374164581298828,1.9262945652008057,-2.858405828475952,7.152472496032715,22.712169647216797,1.1205875873565674,-1.1007009744644165,6.940617084503174,4.53664493560791,1.9023891687393188,-0.45093628764152527,3.035262107849121,1.6487538814544678
9.250000,555,6.409289836883545,11.904229164123535,9.130101203918457,6.246811866760254,6.391635894775391,16.359901428222656,18.520435333251953,8.467490196228027,4.220437049865723,29.814971923828125,32.62984848022461,12.306864738464355,-1.8847472667694092,16.576904296875,24.459768295288086,21.54448699951172,1.9535784721374512,-2.8532016277313232,7.251923561096191,22.882455825805664,1.1307824850082397,-1.07856285572052,6.984004497528076,4.538398742675781,1.89756441116333,-0.47856709361076355,3.0486812591552734,1.6488487720489502
9.266667,556,6.383537292480469,11.874308586120605,9.10870361328125,6.223132133483887,6.337808609008789,16.31999969482422,18.43882942199707,8.422266006469727,4.196187973022461,29.786338806152344,32.58920669555664,12.268122673034668,-1.882262945175171,16.573949813842773,24.405323028564453,21.508649826049805,1.9437947273254395,-2.8337342739105225,7.215235233306885,22.83953857421875,1.129775047302246,-1.0889272689819336,6.951652526855469,4.541500568389893,1.90410315990448,-0.47113272547721863,3.031658172607422,1.6542978286743164
9.283334,557,6.3652520179748535,11.817734718322754,9.051412582397461,6.17055606842041,6.308500289916992,16.32427978515625,18.39399528503418,8.353960990905762,4.1831793785095215,29.823688507080078,32.582950592041016,12.180788040161133,-1.893563985824585,16.53470230102539,24.29374122619629,21.31050682067871,1.9272139072418213,-2.851649761199951,7.114323616027832,22.678361892700195,1.1142257452011108,-1.1112892627716064,6.921773910522461,4.553321361541748,1.8931057453155518,-0.4562648832798004,3.013038158416748,1.6661746501922607
9.300000,558,6.377622127532959,11.843639373779297,9.081981658935547,6.202256679534912,6.318597793579102,16.32277488708496,18.421443939208984,8.398518562316895,4.168485641479492,29.79156494140625,32.573760986328125,12.216803550720215,-1.9132487773895264,16.553720474243164,24.360233306884766,21.432716369628906,1.943213701248169,-2.8277437686920166,7.175164222717285,22.7950496673584,1.1176562309265137,-1.109401822090149,6.939425468444824,4.557650566101074,1.8901008367538452,-0.4726070463657379,3.021421432495117,1.6675596237182617
9.316667,559,6.360318660736084,11.807989120483398,9.046222686767578,6.182351112365723,6.300771236419678,16.303056716918945,18.379518508911133,8.37861442565918,4.144182205200195,29.759849548339844,32.53280258178711,12.169583320617676,-1.9334795475006104,16.53040313720703,24.308698654174805,21.3322811126709,1.93863844871521,-2.843536853790283,7.1250762939453125,22.727642059326172,1.121453046798706,-1.1178315877914429,6.918626308441162,4.564116954803467,1.8968819379806519,-0.4726293981075287,3.0069780349731445,1.6812212467193604
9.333334,560,6.397193431854248,11.804716110229492,9.021719932556152,6.13926887512207,6.34351110458374,16.401914596557617,18.385669708251953,8.283355712890625,4.155912399291992,29.933284759521484,32.612850189208984,12.064909934997559,-1.9173531532287598,16.580049514770508,24.223798751831055,21.1072940826416,1.9096825122833252,-2.8540737628936768,7.001301288604736,22.51893424987793,1.0866559743881226,-1.1553966999053955,6.888322830200195,4.575833320617676,1.89505136013031,-0.4284965395927429,3.016453266143799,1.7015631198883057
9.350000,561,6.406164646148682,11.876429557800293,9.108418464660645,6.235306739807129,6.356760501861572,16.36049461364746,18.453697204589844,8.420437812805176,4.183571815490723,29.857990264892578,32.634212493896484,12.24519157409668,-1.8881161212921143,16.595680236816406,24.40275764465332,21.494525909423828,1.9559905529022217,-2.8151917457580566,7.203556060791016,22.842878341674805,1.118872046470642,-1.1163476705551147,6.948463439941406,4.559293746948242,1.8980553150177002,-0.4732438623905182,3.0478663444519043,1.666731834411621
9.366667,562,6.390906810760498,11.854252815246582,9.08069896697998,6.195693492889404,6.359930038452148,16.3345890045166,18.43050765991211,8.397889137268066,4.188294410705566,29.801025390625,32.580810546875,12.212687492370605,-1.9234135150909424,16.57561683654785,24.376672744750977,21.371532440185547,1.94553804397583,-2.8603620529174805,7.155226707458496,22.756656646728516,1.1296662092208862,-1.097414255142212,6.943859577178955,4.55323600769043,1.8985272645950317,-0.47131118178367615,3.0238027572631836,1.6701970100402832
9.383334,563,6.392852306365967,11.878703117370605,9.112234115600586,6.2288641929626465,6.332979202270508,16.35175323486328,18.458711624145508,8.41357421875,4.189261436462402,29.833984375,32.62843322753906,12.252449035644531,-1.8785021305084229,16.562305450439453,24.377737045288086,21.489694595336914,1.927616834640503,-2.825469493865967,7.209009170532227,22.83029556274414,1.11691415309906,-1.1120798587799072,6.937463283538818,4.548894882202148,1.8992801904678345,-0.46947768330574036,3.0508790016174316,1.6590845584869385
9.400000,564,6.403074264526367,11.80669116973877,9.028031349182129,6.146842956542969,6.327638149261475,16.43140983581543,18.41992950439453,8.288544654846191,4.163753509521484,29.96694564819336,32.643455505371094,12.073423385620117,-1.9097609519958496,16.548112869262695,24.202524185180664,21.097801208496094,1.8881034851074219,-2.869584321975708,6.987894058227539,22.502992630004883,1.0826054811477661,-1.1659795045852661,6.870645999908447,4.581979751586914,1.9009627103805542,-0.432441383600235,3.0091023445129395,1.7136023044586182
9.416667,565,6.390081405639648,11.796955108642578,9.002876281738281,6.128167152404785,6.317434787750244,16.434795379638672,18.368362426757812,8.25558090209961,4.159812927246094,30.01262664794922,32.66129684448242,12.04865837097168,-1.895209550857544,16.612674713134766,24.204092025756836,21.070642471313477,1.9033029079437256,-2.840284585952759,6.96708345413208,22.465726852416992,1.071883201599121,-1.1797962188720703,6.871068954467773,4.585642337799072,1.905611276626587,-0.4120607078075409,3.0209784507751465,1.7131502628326416
9.433334,566,6.3706464767456055,11.828089714050293,9.042461395263672,6.155917167663574,6.306853294372559,16.387975692749023,18.37975311279297,8.314533233642578,4.175113201141357,29.923946380615234,32.639530181884766,12.13259506225586,-1.878096103668213,16.607282638549805,24.273962020874023,21.2158145904541,1.9191515445709229,-2.847867965698242,7.037755012512207,22.587051391601562,1.0974366664886475,-1.1271568536758423,6.895847797393799,4.567573547363281,1.9111257791519165,-0.43931981921195984,3.0164036750793457,1.709730863571167
9.450000,567,6.3925886154174805,11.81336784362793,9.018022537231445,6.139350891113281,6.328958511352539,16.432395935058594,18.38060188293457,8.287374496459961,4.145359039306641,29.96933364868164,32.635276794433594,12.059646606445312,-1.9202380180358887,16.631271362304688,24.247943878173828,21.11079978942871,1.9157929420471191,-2.8383069038391113,6.986526966094971,22.51741600036621,1.0800989866256714,-1.1643123626708984,6.880971431732178,4.587509632110596,1.90920090675354,-0.42780831456184387,3.0151877403259277,1.7300782203674316
9.466667,568,6.393206596374512,11.82178783416748,9.030740737915039,6.151437282562256,6.332462787628174,16.423988342285156,18.394224166870117,8.307384490966797,4.161229133605957,29.975852966308594,32.657039642333984,12.09500789642334,-1.9092142581939697,16.626205444335938,24.27203369140625,21.167755126953125,1.927548885345459,-2.8345232009887695,7.0202412605285645,22.567707061767578,1.0858887434005737,-1.156126856803894,6.894327640533447,4.5856804847717285,1.9019497632980347,-0.4332853853702545,3.023273468017578,1.7143707275390625
9.483334,569,6.388250827789307,11.82885456085205,9.037575721740723,6.169607639312744,6.341785907745361,16.40762710571289,18.4033145904541,8.340859413146973,4.154089450836182,29.919322967529297,32.62945556640625,12.119353294372559,-1.929598093032837,16.628387451171875,24.3085994720459,21.20369529724121,1.9282753467559814,-2.8518521785736084,7.040549278259277,22.616809844970703,1.0993280410766602,-1.1479671001434326,6.896531581878662,4.585338115692139,1.912853717803955,-0.44211897253990173,3.0180859565734863,1.7223083972930908
9.500000,570,6.379249572753906,11.793536186218262,9.017155647277832,6.133986473083496,6.336544513702393,16.356887817382812,18.349475860595703,8.283273696899414,4.146390438079834,29.87109375,32.56797409057617,12.059704780578613,-1.90324068069458,16.560850143432617,24.203540802001953,21.110361099243164,1.911909818649292,-2.8566417694091797,7.00327730178833,22.5152645111084,1.1002683639526367,-1.1337292194366455,6.890360355377197,4.563300609588623,1.8955830335617065,-0.4359681010246277,3.0134544372558594,1.6990959644317627
9.516667,571,6.410006999969482,11.792292594909668,8.996928215026855,6.130812168121338,6.331777095794678,16.494094848632812,18.407209396362305,8.262242317199707,4.126856803894043,30.053905487060547,32.67007064819336,11.996111869812012,-1.934051513671875,16.59268569946289,24.15936279296875,20.991626739501953,1.8969550132751465,-2.83754825592041,6.910468578338623,22.424457550048828,1.0535906553268433,-1.201684594154358,6.8500800132751465,4.616725444793701,1.8951207399368286,-0.4238591194152832,3.0080647468566895,1.7616660594940186
9.533334,572,6.410975456237793,11.824677467346191,9.040091514587402,6.162557125091553,6.321203231811523,16.46969223022461,18.448410034179688,8.304635047912598,4.14016056060791,29.982280731201172,32.66040802001953,12.076427459716797,-1.9294636249542236,16.582246780395508,24.238712310791016,21.14202308654785,1.8917031288146973,-2.8456597328186035,7.006731986999512,22.55459976196289,1.0643117427825928,-1.185505747795105,6.8771257400512695,4.593649387359619,1.9003574848175049,-0.44048288464546204,3.0205297470092773,1.7304952144622803
9.550000,573,6.399302005767822,11.765326499938965,8.960038185119629,6.064433574676514,6.305184364318848,16.474367141723633,18.31512451171875,8.14413070678711,4.139679908752441,30.084346771240234,32.65283203125,11.919299125671387,-1.8885695934295654,16.617883682250977,24.08571434020996,20.829065322875977,1.8727407455444336,-2.8452229499816895,6.8421525955200195,22.2398681640625,1.0446958541870117,-1.2057396173477173,6.833486557006836,4.58510160446167,1.912496566772461,-0.3774585425853729,3.0120792388916016,1.7299463748931885
9.566667,574,6.410572528839111,11.779057502746582,8.976719856262207,6.092578411102295,6.3198699951171875,16.485403060913086,18.346567153930664,8.193421363830566,4.11934757232666,30.077980041503906,32.658077239990234,11.936365127563477,-1.9222934246063232,16.627450942993164,24.13126564025879,20.88555908203125,1.8900468349456787,-2.839627742767334,6.866183757781982,22.321130752563477,1.0520837306976318,-1.2091063261032104,6.839113235473633,4.602003574371338,1.9138730764389038,-0.39517897367477417,3.008277416229248,1.7500550746917725
9.583334,575,6.38945198059082,11.758152961730957,8.953676223754883,6.0808868408203125,6.296261310577393,16.490331649780273,18.330284118652344,8.175448417663574,4.1208696365356445,30.09872055053711,32.672515869140625,11.928675651550293,-1.9134161472320557,16.624267578125,24.094602584838867,20.876041412353516,1.867527961730957,-2.828749656677246,6.850648880004883,22.29720687866211,1.0424470901489258,-1.2324970960617065,6.816774368286133,4.608051300048828,1.9074362516403198,-0.38135603070259094,3.011211395263672,1.749692678451538
9.600001,576,6.422210216522217,11.782246589660645,8.968886375427246,6.085516929626465,6.327183246612549,16.556589126586914,18.384275436401367,8.173043251037598,4.134177207946777,30.177288055419922,32.72917938232422,11.919371604919434,-1.9151341915130615,16.644487380981445,24.106882095336914,20.807687759399414,1.8770630359649658,-2.8521218299865723,6.81584358215332,22.253856658935547,1.0272010564804077,-1.2327227592468262,6.824807167053223,4.6154327392578125,1.910861849784851,-0.3855220079421997,3.0130386352539062,1.7727434635162354
9.616667,577,6.418103218078613,11.818710327148438,9.018985748291016,6.155892848968506,6.339127540588379,16.46221351623535,18.386959075927734,8.288958549499512,4.129404067993164,30.027790069580078,32.65288162231445,12.029765129089355,-1.9077227115631104,16.612295150756836,24.203054428100586,21.1097354888916,1.9180312156677246,-2.8025949001312256,6.980473041534424,22.512928009033203,1.0754632949829102,-1.193131923675537,6.855636119842529,4.597303867340088,1.9063079357147217,-0.4263094365596771,3.032477855682373,1.7358710765838623
9.633334,578,6.394280433654785,11.751614570617676,8.934815406799316,6.036698341369629,6.306894779205322,16.487939834594727,18.279842376708984,8.107922554016113,4.118309497833252,30.11907196044922,32.650001525878906,11.849067687988281,-1.8957850933074951,16.628541946411133,24.021907806396484,20.69902801513672,1.8468539714813232,-2.855726480484009,6.768909931182861,22.13438606262207,1.0496221780776978,-1.2208926677703857,6.794042587280273,4.590881824493408,1.926018238067627,-0.3535519242286682,3.0091142654418945,1.7500178813934326
9.650001,579,6.431460857391357,11.772759437561035,8.969188690185547,6.089270114898682,6.327449798583984,16.519100189208984,18.346540451049805,8.168338775634766,4.091259002685547,30.131668090820312,32.67000961303711,11.880471229553223,-1.9339394569396973,16.634855270385742,24.09744644165039,20.832672119140625,1.8876705169677734,-2.8215386867523193,6.829554557800293,22.282155990600586,1.0378797054290771,-1.2382686138153076,6.823605537414551,4.6175761222839355,1.9106037616729736,-0.3850071430206299,3.013132095336914,1.7632369995117188
9.666667,580,6.400763511657715,11.762898445129395,8.94536018371582,6.060254096984863,6.28845739364624,16.51334571838379,18.299650192260742,8.125883102416992,4.110808372497559,30.144145965576172,32.6741943359375,11.876078605651855,-1.8982329368591309,16.65019989013672,24.059581756591797,20.78493309020996,1.8632938861846924,-2.8209638595581055,6.802249908447266,22.20572280883789,1.0308690071105957,-1.241188883781433,6.804355621337891,4.602582931518555,1.9203500747680664,-0.3647562563419342,3.0181822776794434,1.756518840789795
